month_number,common_name
1,"	Red-twig dogwood"
1,American holly
12,Amur Cherry
8,Basil and Sage
5,Bearded Iris
6,Bee Balm
9,Bird of Paradise
3,Black Hellebore
7,Blackberry Lily
10,Blackberry Lily
7,Blazing Star
5,Bleeding Heart
9,Blue Atlas Cedar
8,Broadleaf Cattail 
3,Butterbur
7,Butterfly Weed
7,Canna
9,Cardoon
7,Castor Aralia 
8,Castor Bean
10,Castor Bean
12,Cedar of Lebanon 
2,Chinese witch hazel 
3,Chinese witch hazel 
6,Clary Sage
6,Clematis
5,Columbine
3,Common Crocus
11,Common Hop
5,Common Lilac
11,Common Witch Hazel
1,Coral Bark Willow 
1,Crabapple
8,Cream Veranda
6,Cup Plant
4,Eastern Redbud
1,European hornbeam
5,Flowering Dogwood
4,Flowering dogwood
4,Flowering Quince
4,Dwarf fothergilla
5,Fringe Tree
6,Gaura
8,Globe Amaranth
4,Glory of the Snow 
8,Golden Rain Tree
4,Grape Hyacinth
8,Hardy Hibiscus
10,Hardy Hibiscus
11,Hiba
12,Indian woodoats
7,Italian Arum
11,Japanese Beautyberry 
12,Japanese Beautyberry 
12,Japanese Euonymus
9,Japanese Pagoda Tree
4,Kanzan Flowering Cherry
4,Korean Spice viburnum 
2,Lacebark pine
1,Lacebark pine
7,Lantana
5,Large Camas
6,Lavender
2,Leatherleaf Mahonia
4,Leatherleaf Mahonia
10,Mexican Bush Sage
11,Monkshood
11,Mums
1,Nandina
10,New England Aster
8,New York Ironweed
9,Obedient Plant
7,Orange Coneflower
7,Oriental Lily
5,Ornamental Onion
10,Osage Orange
1,Ostrich fern
8,Panicle Hydrangea
1,Paper birch
2,Paper birch
12,Paper birch
12,Paperbark Maple
2,Paperbush
3,Paperbush
8,Partridge Pea
10,Philodendron
10,Pin Oak
9,Pineapple Sage
7,Purple Coneflower 
12,Purple Coneflower 
5,Red Horse Chesnut
6,Red Hot Poker
9,Red Maple
4,Rhododendron
1,River Birch
2,River Birch
12,Savin Juniper
12,Scouringrush Horsetail
3,Siberian squill 
10,Silver Cock's Comb
2,Snowdrop
3,Snowdrop
5,Solomon's Seal 
6,Southern Magnolia
10,Southern Magnolia
11,Spider Flower
6,Spurge
4,Star Magnolia
8,Stonecrop
3,Striped Squill
12,Swamp Mallow
11,Sweet Autumn Clematis
5,The Governor Wind Flowers
11,Tickseed
7,Tiger Lily
11,Tobasco Pepper
5,Tulip Tree
4,Tulips & Daffodils
6,Wild Lupine 
12,Willowleaf Cotoneaster
2,Winter Daphne
3,Winter Hazel
3,Winter Jasmine
2,Wintersweet
3,Witch Hazel
2,Witch Hazel
7,Yarrow
8,Zinnia
10,Zinnia
6,Rose
9,Rose
10,Rose
11,Rose
6,Rose
